total_lag,max_lag,min_lag,mean_lag,std_lag,lag_cv,total_throughput,throughput_cv,throughput_std,mean_commit_gap,max_commit_gap,max_partition_share,active_ratio,num_partitions,label
71,71,71,71.0,0.0,0.0,0.0,0.0,0.0,71.0,71,0.0,0.0,1,healthy
92,92,92,92.0,0.0,0.0,9.496358181921096,0.0,0.0,92.0,92,0.9999999998946965,1.0,1,healthy
10,10,10,10.0,0.0,0.0,9.979313578151407,0.0,0.0,10.0,10,0.9999999998997927,1.0,1,healthy
10,10,10,10.0,0.0,0.0,9.980358393583337,0.0,0.0,10.0,10,0.9999999998998031,1.0,1,healthy
0,0,0,0.0,0.0,0.0,9.979970124124318,0.0,0.0,0.0,0,0.9999999998997993,1.0,1,healthy
0,0,0,0.0,0.0,0.0,9.975085497933305,0.0,0.0,0.0,0,0.9999999998997502,1.0,1,healthy
1,1,1,1.0,0.0,0.0,9.97983477123113,0.0,0.0,1.0,1,0.9999999998997979,1.0,1,healthy
1,1,1,1.0,0.0,0.0,9.980627943970712,0.0,0.0,1.0,1,0.9999999998998059,1.0,1,healthy
0,0,0,0.0,0.0,0.0,9.480589256229907,0.0,0.0,0.0,0,0.9999999998945213,1.0,1,healthy
0,0,0,0.0,0.0,0.0,9.977372939253287,0.0,0.0,0.0,0,0.9999999998997732,1.0,1,healthy
0,0,0,0.0,0.0,0.0,9.978585898477508,0.0,0.0,0.0,0,0.9999999998997854,1.0,1,healthy
0,0,0,0.0,0.0,0.0,9.974519731601657,0.0,0.0,0.0,0,0.9999999998997445,1.0,1,healthy
0,0,0,0.0,0.0,0.0,9.977491611093482,0.0,0.0,0.0,0,0.9999999998997744,1.0,1,healthy
0,0,0,0.0,0.0,0.0,9.987478457577426,0.0,0.0,0.0,0,0.9999999998998746,1.0,1,healthy
0,0,0,0.0,0.0,0.0,9.981441433187316,0.0,0.0,0.0,0,0.999999999899814,1.0,1,healthy
0,0,0,0.0,0.0,0.0,9.978470761500311,0.0,0.0,0.0,0,0.9999999998997843,1.0,1,healthy
0,0,0,0.0,0.0,0.0,9.976134173798586,0.0,0.0,0.0,0,0.9999999998997607,1.0,1,healthy
0,0,0,0.0,0.0,0.0,9.975010770399576,0.0,0.0,0.0,0,0.9999999998997495,1.0,1,healthy
1,1,1,1.0,0.0,0.0,9.976814032844269,0.0,0.0,1.0,1,0.9999999998997676,1.0,1,healthy
1,1,1,1.0,0.0,0.0,9.977585363843247,0.0,0.0,1.0,1,0.9999999998997754,1.0,1,healthy
1,1,1,1.0,0.0,0.0,9.979714856384252,0.0,0.0,1.0,1,0.9999999998997967,1.0,1,healthy
1,1,1,1.0,0.0,0.0,9.979676864162625,0.0,0.0,1.0,1,0.9999999998997964,1.0,1,healthy
1,1,1,1.0,0.0,0.0,9.98000099459658,0.0,0.0,1.0,1,0.9999999998997996,1.0,1,healthy
1,1,1,1.0,0.0,0.0,9.97823930860619,0.0,0.0,1.0,1,0.9999999998997819,1.0,1,healthy
1,1,1,1.0,0.0,0.0,9.977610285756697,0.0,0.0,1.0,1,0.9999999998997756,1.0,1,healthy
1,1,1,1.0,0.0,0.0,9.978194206215342,0.0,0.0,1.0,1,0.9999999998997815,1.0,1,healthy
1,1,1,1.0,0.0,0.0,9.981164713214614,0.0,0.0,1.0,1,0.9999999998998113,1.0,1,healthy
1,1,1,1.0,0.0,0.0,9.98040114069097,0.0,0.0,1.0,1,0.9999999998998036,1.0,1,healthy
1,1,1,1.0,0.0,0.0,9.979641246717563,0.0,0.0,1.0,1,0.999999999899796,1.0,1,healthy
0,0,0,0.0,0.0,0.0,9.481599931087711,0.0,0.0,0.0,0,0.9999999998945326,1.0,1,healthy
1,1,1,1.0,0.0,0.0,9.979520149306023,0.0,0.0,1.0,1,0.9999999998997948,1.0,1,healthy
1,1,1,1.0,0.0,0.0,9.98000218192625,0.0,0.0,1.0,1,0.9999999998997996,1.0,1,healthy
1,1,1,1.0,0.0,0.0,9.98005917408266,0.0,0.0,1.0,1,0.9999999998998002,1.0,1,healthy
1,1,1,1.0,0.0,0.0,9.978772259834201,0.0,0.0,1.0,1,0.9999999998997873,1.0,1,healthy
1,1,1,1.0,0.0,0.0,9.9776304607302,0.0,0.0,1.0,1,0.9999999998997758,1.0,1,healthy
1,1,1,1.0,0.0,0.0,9.977692172920332,0.0,0.0,1.0,1,0.9999999998997764,1.0,1,healthy
1,1,1,1.0,0.0,0.0,9.977979382002472,0.0,0.0,1.0,1,0.9999999998997793,1.0,1,healthy
1,1,1,1.0,0.0,0.0,9.978298654478513,0.0,0.0,1.0,1,0.9999999998997825,1.0,1,healthy
1,1,1,1.0,0.0,0.0,9.980192158312352,0.0,0.0,1.0,1,0.9999999998998015,1.0,1,healthy
1,1,1,1.0,0.0,0.0,9.97804821969337,0.0,0.0,1.0,1,0.99999999989978,1.0,1,healthy
1,1,1,1.0,0.0,0.0,9.981746674301174,0.0,0.0,1.0,1,0.9999999998998171,1.0,1,healthy
2,2,2,2.0,0.0,0.0,9.980648131149632,0.0,0.0,2.0,2,0.9999999998998061,1.0,1,healthy
2,2,2,2.0,0.0,0.0,9.978012613872595,0.0,0.0,2.0,2,0.9999999998997796,1.0,1,healthy
2,2,2,2.0,0.0,0.0,9.978092133888964,0.0,0.0,2.0,2,0.9999999998997804,1.0,1,healthy
2,2,2,2.0,0.0,0.0,9.978689167923529,0.0,0.0,2.0,2,0.9999999998997864,1.0,1,healthy
75,75,75,75.0,0.0,0.0,0.0,0.0,0.0,75.0,75,0.0,0.0,1,slow_consumer
96,96,96,96.0,0.0,0.0,9.496614150518738,0.0,0.0,96.0,96,0.9999999998946993,1.0,1,slow_consumer
116,116,116,116.0,0.0,0.0,9.977562815552641,0.0,0.0,116.0,116,0.9999999998997751,1.0,1,slow_consumer
136,136,136,136.0,0.0,0.0,9.977406167083988,0.0,0.0,136.0,136,0.9999999998997735,1.0,1,slow_consumer
156,156,156,156.0,0.0,0.0,9.980227779689947,0.0,0.0,156.0,156,0.9999999998998019,1.0,1,slow_consumer
176,176,176,176.0,0.0,0.0,9.976600454575566,0.0,0.0,176.0,176,0.9999999998997654,1.0,1,slow_consumer
196,196,196,196.0,0.0,0.0,9.977578243319414,0.0,0.0,196.0,196,0.9999999998997753,1.0,1,slow_consumer
216,216,216,216.0,0.0,0.0,9.980607756873455,0.0,0.0,216.0,216,0.9999999998998057,1.0,1,slow_consumer
236,236,236,236.0,0.0,0.0,9.976499601349513,0.0,0.0,236.0,236,0.9999999998997644,1.0,1,slow_consumer
256,256,256,256.0,0.0,0.0,9.97883279909764,0.0,0.0,256.0,256,0.9999999998997878,1.0,1,slow_consumer
276,276,276,276.0,0.0,0.0,9.980106668043572,0.0,0.0,276.0,276,0.9999999998998007,1.0,1,slow_consumer
296,296,296,296.0,0.0,0.0,9.979610378470825,0.0,0.0,296.0,296,0.9999999998997957,1.0,1,slow_consumer
316,316,316,316.0,0.0,0.0,9.980485448559847,0.0,0.0,316.0,316,0.9999999998998045,1.0,1,slow_consumer
336,336,336,336.0,0.0,0.0,9.979795590815684,0.0,0.0,336.0,336,0.9999999998997975,1.0,1,slow_consumer
356,356,356,356.0,0.0,0.0,9.979513026020395,0.0,0.0,356.0,356,0.9999999998997947,1.0,1,slow_consumer
376,376,376,376.0,0.0,0.0,9.977859511738837,0.0,0.0,376.0,376,0.9999999998997781,1.0,1,slow_consumer
396,396,396,396.0,0.0,0.0,9.98265894578005,0.0,0.0,396.0,396,0.9999999998998262,1.0,1,slow_consumer
416,416,416,416.0,0.0,0.0,9.980464074599157,0.0,0.0,416.0,416,0.9999999998998043,1.0,1,slow_consumer
436,436,436,436.0,0.0,0.0,9.979412113899809,0.0,0.0,436.0,436,0.9999999998997937,1.0,1,slow_consumer
456,456,456,456.0,0.0,0.0,9.98021946801243,0.0,0.0,456.0,456,0.9999999998998018,1.0,1,slow_consumer
476,476,476,476.0,0.0,0.0,9.97961631465729,0.0,0.0,476.0,476,0.9999999998997957,1.0,1,slow_consumer
495,495,495,495.0,0.0,0.0,9.481155478323688,0.0,0.0,495.0,495,0.9999999998945276,1.0,1,slow_consumer
515,515,515,515.0,0.0,0.0,9.977954458245144,0.0,0.0,515.0,515,0.9999999998997791,1.0,1,slow_consumer
535,535,535,535.0,0.0,0.0,9.987243019467165,0.0,0.0,535.0,535,0.9999999998998722,1.0,1,slow_consumer
555,555,555,555.0,0.0,0.0,9.979911945676475,0.0,0.0,555.0,555,0.9999999998997987,1.0,1,slow_consumer
575,575,575,575.0,0.0,0.0,9.980021179239396,0.0,0.0,575.0,575,0.9999999998997998,1.0,1,slow_consumer
595,595,595,595.0,0.0,0.0,9.97799243735362,0.0,0.0,595.0,595,0.9999999998997794,1.0,1,slow_consumer
615,615,615,615.0,0.0,0.0,9.986938631090915,0.0,0.0,615.0,615,0.9999999998998692,1.0,1,slow_consumer
635,635,635,635.0,0.0,0.0,9.98087257058088,0.0,0.0,635.0,635,0.9999999998998084,1.0,1,slow_consumer
655,655,655,655.0,0.0,0.0,9.984523206323168,0.0,0.0,655.0,655,0.999999999899845,1.0,1,slow_consumer
675,675,675,675.0,0.0,0.0,9.980194533062948,0.0,0.0,675.0,675,0.9999999998998016,1.0,1,slow_consumer
695,695,695,695.0,0.0,0.0,9.980420139523014,0.0,0.0,695.0,695,0.9999999998998038,1.0,1,slow_consumer
715,715,715,715.0,0.0,0.0,9.978591833445249,0.0,0.0,715.0,715,0.9999999998997855,1.0,1,slow_consumer
735,735,735,735.0,0.0,0.0,9.980776381017197,0.0,0.0,735.0,735,0.9999999998998074,1.0,1,slow_consumer
755,755,755,755.0,0.0,0.0,9.978398357133205,0.0,0.0,755.0,755,0.9999999998997835,1.0,1,slow_consumer
775,775,775,775.0,0.0,0.0,9.978426843971935,0.0,0.0,775.0,775,0.9999999998997838,1.0,1,slow_consumer
795,795,795,795.0,0.0,0.0,9.978862475475463,0.0,0.0,795.0,795,0.9999999998997882,1.0,1,slow_consumer
815,815,815,815.0,0.0,0.0,9.98448161229359,0.0,0.0,815.0,815,0.9999999998998446,1.0,1,slow_consumer
835,835,835,835.0,0.0,0.0,9.978318832235912,0.0,0.0,835.0,835,0.9999999998997827,1.0,1,slow_consumer
855,855,855,855.0,0.0,0.0,9.978493313894841,0.0,0.0,855.0,855,0.9999999998997845,1.0,1,slow_consumer
875,875,875,875.0,0.0,0.0,9.979077337716133,0.0,0.0,875.0,875,0.9999999998997904,1.0,1,slow_consumer
895,895,895,895.0,0.0,0.0,9.98505801757638,0.0,0.0,895.0,895,0.9999999998998503,1.0,1,slow_consumer
914,914,914,914.0,0.0,0.0,9.473629801765535,0.0,0.0,914.0,914,0.9999999998944439,1.0,1,slow_consumer
934,934,934,934.0,0.0,0.0,9.978493313894841,0.0,0.0,934.0,934,0.9999999998997845,1.0,1,slow_consumer
954,954,954,954.0,0.0,0.0,9.983939733176292,0.0,0.0,954.0,954,0.9999999998998391,1.0,1,slow_consumer
8,8,8,8.0,0.0,0.0,0.0,0.0,0.0,8.0,8,0.0,0.0,1,partition_imbalance
10,10,10,10.0,0.0,0.0,9.503489506879156,0.0,0.0,10.0,10,0.9999999998947755,1.0,1,partition_imbalance
10,10,10,10.0,0.0,0.0,9.984859536492326,0.0,0.0,10.0,10,0.9999999998998483,1.0,1,partition_imbalance
10,10,10,10.0,0.0,0.0,9.98005798673943,0.0,0.0,10.0,10,0.9999999998998002,1.0,1,partition_imbalance
10,10,10,10.0,0.0,0.0,9.979422798615973,0.0,0.0,10.0,10,0.9999999998997938,1.0,1,partition_imbalance
10,10,10,10.0,0.0,0.0,9.98035958099805,0.0,0.0,10.0,10,0.9999999998998031,1.0,1,partition_imbalance
10,10,10,10.0,0.0,0.0,9.978540792953387,0.0,0.0,10.0,10,0.9999999998997849,1.0,1,partition_imbalance
10,10,10,10.0,0.0,0.0,9.981478251164242,0.0,0.0,10.0,10,0.9999999998998145,1.0,1,partition_imbalance
10,10,10,10.0,0.0,0.0,9.97800074532214,0.0,0.0,10.0,10,0.9999999998997795,1.0,1,partition_imbalance
10,10,10,10.0,0.0,0.0,9.982290691129519,0.0,0.0,10.0,10,0.9999999998998226,1.0,1,partition_imbalance
10,10,10,10.0,0.0,0.0,9.980430826397825,0.0,0.0,10.0,10,0.9999999998998039,1.0,1,partition_imbalance
9,9,9,9.0,0.0,0.0,9.48045729785032,0.0,0.0,9.0,9,0.9999999998945198,1.0,1,partition_imbalance
9,9,9,9.0,0.0,0.0,9.980034239934138,0.0,0.0,9.0,9,0.9999999998997999,1.0,1,partition_imbalance
10,10,10,10.0,0.0,0.0,9.978355627180079,0.0,0.0,10.0,10,0.999999999899783,1.0,1,partition_imbalance
0,0,0,0.0,0.0,0.0,9.9825722253037,0.0,0.0,0.0,0,0.9999999998998255,1.0,1,partition_imbalance
0,0,0,0.0,0.0,0.0,9.979210295781009,0.0,0.0,0.0,0,0.9999999998997917,1.0,1,partition_imbalance
0,0,0,0.0,0.0,0.0,9.980042551303136,0.0,0.0,0.0,0,0.9999999998998,1.0,1,partition_imbalance
0,0,0,0.0,0.0,0.0,9.977733710401212,0.0,0.0,0.0,0,0.9999999998997768,1.0,1,partition_imbalance
0,0,0,0.0,0.0,0.0,9.975253935528,0.0,0.0,0.0,0,0.999999999899752,1.0,1,partition_imbalance
0,0,0,0.0,0.0,0.0,9.97758773735345,0.0,0.0,0.0,0,0.9999999998997754,1.0,1,partition_imbalance
0,0,0,0.0,0.0,0.0,9.979510651594113,0.0,0.0,0.0,0,0.9999999998997947,1.0,1,partition_imbalance
0,0,0,0.0,0.0,0.0,9.98041420238023,0.0,0.0,0.0,0,0.9999999998998037,1.0,1,partition_imbalance
0,0,0,0.0,0.0,0.0,9.980510384963026,0.0,0.0,0.0,0,0.9999999998998047,1.0,1,partition_imbalance
0,0,0,0.0,0.0,0.0,9.979965374837843,0.0,0.0,0.0,0,0.9999999998997993,1.0,1,partition_imbalance
0,0,0,0.0,0.0,0.0,9.979333760013704,0.0,0.0,0.0,0,0.9999999998997929,1.0,1,partition_imbalance
1,1,1,1.0,0.0,0.0,9.980294273608473,0.0,0.0,1.0,1,0.9999999998998026,1.0,1,partition_imbalance
1,1,1,1.0,0.0,0.0,9.980474761568058,0.0,0.0,1.0,1,0.9999999998998044,1.0,1,partition_imbalance
1,1,1,1.0,0.0,0.0,9.979663804403248,0.0,0.0,1.0,1,0.9999999998997963,1.0,1,partition_imbalance
1,1,1,1.0,0.0,0.0,9.977586550598208,0.0,0.0,1.0,1,0.9999999998997754,1.0,1,partition_imbalance
1,1,1,1.0,0.0,0.0,9.982196849933642,0.0,0.0,1.0,1,0.9999999998998217,1.0,1,partition_imbalance
1,1,1,1.0,0.0,0.0,9.980418952093892,0.0,0.0,1.0,1,0.9999999998998038,1.0,1,partition_imbalance
1,1,1,1.0,0.0,0.0,9.976512652828609,0.0,0.0,1.0,1,0.9999999998997645,1.0,1,partition_imbalance
1,1,1,1.0,0.0,0.0,9.980233716610936,0.0,0.0,1.0,1,0.9999999998998019,1.0,1,partition_imbalance
1,1,1,1.0,0.0,0.0,9.978867223712296,0.0,0.0,1.0,1,0.9999999998997882,1.0,1,partition_imbalance
0,0,0,0.0,0.0,0.0,9.480223842023424,0.0,0.0,0.0,0,0.9999999998945173,1.0,1,partition_imbalance
0,0,0,0.0,0.0,0.0,9.980798943834829,0.0,0.0,0.0,0,0.9999999998998076,1.0,1,partition_imbalance
0,0,0,0.0,0.0,0.0,9.98006867283868,0.0,0.0,0.0,0,0.9999999998998003,1.0,1,partition_imbalance
1,1,1,1.0,0.0,0.0,9.979148564810277,0.0,0.0,1.0,1,0.999999999899791,1.0,1,partition_imbalance
1,1,1,1.0,0.0,0.0,9.978468387569976,0.0,0.0,1.0,1,0.9999999998997842,1.0,1,partition_imbalance
1,1,1,1.0,0.0,0.0,9.98660810535227,0.0,0.0,1.0,1,0.9999999998998659,1.0,1,partition_imbalance
1,1,1,1.0,0.0,0.0,9.978781756140675,0.0,0.0,1.0,1,0.9999999998997874,1.0,1,partition_imbalance
1,1,1,1.0,0.0,0.0,9.978728339651864,0.0,0.0,1.0,1,0.9999999998997868,1.0,1,partition_imbalance
1,1,1,1.0,0.0,0.0,9.979052408473395,0.0,0.0,1.0,1,0.99999999989979,1.0,1,partition_imbalance
1,1,1,1.0,0.0,0.0,9.978655931546719,0.0,0.0,1.0,1,0.999999999899786,1.0,1,partition_imbalance
1,1,1,1.0,0.0,0.0,9.97705728589952,0.0,0.0,1.0,1,0.9999999998997701,1.0,1,partition_imbalance
1,1,1,1.0,0.0,0.0,0.0,0.0,0.0,1.0,1,0.0,0.0,1,commit_failure
2,2,2,2.0,0.0,0.0,9.501213697091885,0.0,0.0,2.0,2,0.9999999998947503,1.0,1,commit_failure
3,3,3,3.0,0.0,0.0,9.979074963497172,0.0,0.0,3.0,3,0.9999999998997903,1.0,1,commit_failure
3,3,3,3.0,0.0,0.0,9.980809631520891,0.0,0.0,3.0,3,0.9999999998998077,1.0,1,commit_failure
3,3,3,3.0,0.0,0.0,9.979718418169861,0.0,0.0,3.0,3,0.9999999998997967,1.0,1,commit_failure
3,3,3,3.0,0.0,0.0,9.980110230108862,0.0,0.0,3.0,3,0.9999999998998007,1.0,1,commit_failure
3,3,3,3.0,0.0,0.0,9.980242028312185,0.0,0.0,3.0,3,0.999999999899802,1.0,1,commit_failure
3,3,3,3.0,0.0,0.0,9.979751661624807,0.0,0.0,3.0,3,0.999999999899797,1.0,1,commit_failure
3,3,3,3.0,0.0,0.0,9.980258651756216,0.0,0.0,3.0,3,0.9999999998998021,1.0,1,commit_failure
3,3,3,3.0,0.0,0.0,9.980423701812075,0.0,0.0,3.0,3,0.9999999998998038,1.0,1,commit_failure
3,3,3,3.0,0.0,0.0,9.980126853113841,0.0,0.0,3.0,3,0.9999999998998008,1.0,1,commit_failure
3,3,3,3.0,0.0,0.0,9.979940441158012,0.0,0.0,3.0,3,0.999999999899799,1.0,1,commit_failure
3,3,3,3.0,0.0,0.0,9.980160099289924,0.0,0.0,3.0,3,0.9999999998998012,1.0,1,commit_failure
2,2,2,2.0,0.0,0.0,9.485840119126832,0.0,0.0,2.0,2,0.9999999998945797,1.0,1,commit_failure
2,2,2,2.0,0.0,0.0,9.98480130102482,0.0,0.0,2.0,2,0.9999999998998478,1.0,1,commit_failure
3,3,3,3.0,0.0,0.0,9.979884637659366,0.0,0.0,3.0,3,0.9999999998997985,1.0,1,commit_failure
3,3,3,3.0,0.0,0.0,9.98015416245652,0.0,0.0,3.0,3,0.9999999998998012,1.0,1,commit_failure
3,3,3,3.0,0.0,0.0,9.978003119029973,0.0,0.0,3.0,3,0.9999999998997795,1.0,1,commit_failure
3,3,3,3.0,0.0,0.0,9.982233673483716,0.0,0.0,3.0,3,0.999999999899822,1.0,1,commit_failure
3,3,3,3.0,0.0,0.0,9.979856142496496,0.0,0.0,3.0,3,0.9999999998997982,1.0,1,commit_failure
3,3,3,3.0,0.0,0.0,9.979530834253529,0.0,0.0,3.0,3,0.9999999998997949,1.0,1,commit_failure
3,3,3,3.0,0.0,0.0,9.978866036652663,0.0,0.0,3.0,3,0.9999999998997882,1.0,1,commit_failure
3,3,3,3.0,0.0,0.0,9.98192959037311,0.0,0.0,3.0,3,0.9999999998998189,1.0,1,commit_failure
3,3,3,3.0,0.0,0.0,9.979704171042682,0.0,0.0,3.0,3,0.9999999998997966,1.0,1,commit_failure
3,3,3,3.0,0.0,0.0,9.985394383777505,0.0,0.0,3.0,3,0.9999999998998538,1.0,1,commit_failure
3,3,3,3.0,0.0,0.0,9.979185365873969,0.0,0.0,3.0,3,0.9999999998997914,1.0,1,commit_failure
3,3,3,3.0,0.0,0.0,9.975567102231688,0.0,0.0,3.0,3,0.9999999998997551,1.0,1,commit_failure
4,4,4,4.0,0.0,0.0,9.984683643683562,0.0,0.0,4.0,4,0.9999999998998466,1.0,1,commit_failure
4,4,4,4.0,0.0,0.0,9.980627943970712,0.0,0.0,4.0,4,0.9999999998998059,1.0,1,commit_failure
4,4,4,4.0,0.0,0.0,9.977999558468648,0.0,0.0,4.0,4,0.9999999998997795,1.0,1,commit_failure
4,4,4,4.0,0.0,0.0,9.97700626110483,0.0,0.0,4.0,4,0.9999999998997695,1.0,1,commit_failure
4,4,4,4.0,0.0,0.0,9.980263401321825,0.0,0.0,4.0,4,0.9999999998998023,1.0,1,commit_failure
4,4,4,4.0,0.0,0.0,9.980113792176695,0.0,0.0,4.0,4,0.9999999998998007,1.0,1,commit_failure
4,4,4,4.0,0.0,0.0,9.979953501641434,0.0,0.0,4.0,4,0.9999999998997992,1.0,1,commit_failure
4,4,4,4.0,0.0,0.0,9.97996418751693,0.0,0.0,4.0,4,0.9999999998997993,1.0,1,commit_failure
4,4,4,4.0,0.0,0.0,9.979454852901743,0.0,0.0,4.0,4,0.9999999998997942,1.0,1,commit_failure
3,3,3,3.0,0.0,0.0,9.481294224332249,0.0,0.0,3.0,3,0.9999999998945291,1.0,1,commit_failure
3,3,3,3.0,0.0,0.0,9.98040114069097,0.0,0.0,3.0,3,0.9999999998998036,1.0,1,commit_failure
3,3,3,3.0,0.0,0.0,9.97989769799673,0.0,0.0,3.0,3,0.9999999998997986,1.0,1,commit_failure
3,3,3,3.0,0.0,0.0,9.979714856384252,0.0,0.0,3.0,3,0.9999999998997967,1.0,1,commit_failure
4,4,4,4.0,0.0,0.0,9.980489010895528,0.0,0.0,4.0,4,0.9999999998998045,1.0,1,commit_failure
4,4,4,4.0,0.0,0.0,9.980094794510965,0.0,0.0,4.0,4,0.9999999998998006,1.0,1,commit_failure
4,4,4,4.0,0.0,0.0,9.979903634525014,0.0,0.0,4.0,4,0.9999999998997986,1.0,1,commit_failure
4,4,4,4.0,0.0,0.0,9.980035427271718,0.0,0.0,4.0,4,0.9999999998997999,1.0,1,commit_failure
4,4,4,4.0,0.0,0.0,9.980107855398385,0.0,0.0,4.0,4,0.9999999998998007,1.0,1,commit_failure
60117,60117,60117,60117.0,0.0,0.0,0.0,0.0,0.0,60117.0,60117,0.0,0.0,1,high_throughput
27236,27236,27236,27236.0,0.0,0.0,10949.378001411573,0.0,0.0,27236.0,27236,0.9999999999999086,1.0,1,high_throughput
7129,7129,7129,7129.0,0.0,0.0,13972.28232025012,0.0,0.0,7129.0,7129,0.9999999999999284,1.0,1,high_throughput
5181,5181,5181,5181.0,0.0,0.0,14253.561210872367,0.0,0.0,5181.0,5181,0.9999999999999298,1.0,1,high_throughput
4866,4866,4866,4866.0,0.0,0.0,14229.673999128694,0.0,0.0,4866.0,4866,0.9999999999999297,1.0,1,high_throughput
4679,4679,4679,4679.0,0.0,0.0,13629.127653164502,0.0,0.0,4679.0,4679,0.9999999999999266,1.0,1,high_throughput
5122,5122,5122,5122.0,0.0,0.0,14133.158231286205,0.0,0.0,5122.0,5122,0.9999999999999292,1.0,1,high_throughput
5265,5265,5265,5265.0,0.0,0.0,14459.14069549267,0.0,0.0,5265.0,5265,0.9999999999999308,1.0,1,high_throughput
4620,4620,4620,4620.0,0.0,0.0,13644.01498302091,0.0,0.0,4620.0,4620,0.9999999999999267,1.0,1,high_throughput
4293,4293,4293,4293.0,0.0,0.0,14059.778031273216,0.0,0.0,4293.0,4293,0.9999999999999288,1.0,1,high_throughput
5012,5012,5012,5012.0,0.0,0.0,14140.884526483342,0.0,0.0,5012.0,5012,0.9999999999999293,1.0,1,high_throughput
5212,5212,5212,5212.0,0.0,0.0,13973.969787133485,0.0,0.0,5212.0,5212,0.9999999999999284,1.0,1,high_throughput
4610,4610,4610,4610.0,0.0,0.0,14164.202353091781,0.0,0.0,4610.0,4610,0.9999999999999294,1.0,1,high_throughput
5484,5484,5484,5484.0,0.0,0.0,14364.7879182071,0.0,0.0,5484.0,5484,0.9999999999999304,1.0,1,high_throughput
4802,4802,4802,4802.0,0.0,0.0,14080.131966785117,0.0,0.0,4802.0,4802,0.999999999999929,1.0,1,high_throughput
4257,4257,4257,4257.0,0.0,0.0,13907.289786337504,0.0,0.0,4257.0,4257,0.9999999999999281,1.0,1,high_throughput
4375,4375,4375,4375.0,0.0,0.0,14149.218793926506,0.0,0.0,4375.0,4375,0.9999999999999293,1.0,1,high_throughput
4707,4707,4707,4707.0,0.0,0.0,13952.596828889673,0.0,0.0,4707.0,4707,0.9999999999999283,1.0,1,high_throughput
4190,4190,4190,4190.0,0.0,0.0,13531.205658561168,0.0,0.0,4190.0,4190,0.9999999999999261,1.0,1,high_throughput
4227,4227,4227,4227.0,0.0,0.0,13478.31846280178,0.0,0.0,4227.0,4227,0.9999999999999257,1.0,1,high_throughput
4600,4600,4600,4600.0,0.0,0.0,13722.512795626531,0.0,0.0,4600.0,4600,0.9999999999999271,1.0,1,high_throughput
4034,4034,4034,4034.0,0.0,0.0,13922.176366106989,0.0,0.0,4034.0,4034,0.9999999999999282,1.0,1,high_throughput
3857,3857,3857,3857.0,0.0,0.0,13513.967579842834,0.0,0.0,3857.0,3857,0.999999999999926,1.0,1,high_throughput
3987,3987,3987,3987.0,0.0,0.0,13981.026640517439,0.0,0.0,3987.0,3987,0.9999999999999284,1.0,1,high_throughput
4200,4200,4200,4200.0,0.0,0.0,14370.83213473249,0.0,0.0,4200.0,4200,0.9999999999999304,1.0,1,high_throughput
3599,3599,3599,3599.0,0.0,0.0,13755.834687538889,0.0,0.0,3599.0,3599,0.9999999999999273,1.0,1,high_throughput
4649,4649,4649,4649.0,0.0,0.0,14063.914446971932,0.0,0.0,4649.0,4649,0.9999999999999288,1.0,1,high_throughput
3908,3908,3908,3908.0,0.0,0.0,13643.498664983963,0.0,0.0,3908.0,3908,0.9999999999999267,1.0,1,high_throughput
4700,4700,4700,4700.0,0.0,0.0,14724.48821207171,0.0,0.0,4700.0,4700,0.999999999999932,1.0,1,high_throughput
4529,4529,4529,4529.0,0.0,0.0,14128.062551783445,0.0,0.0,4529.0,4529,0.9999999999999292,1.0,1,high_throughput
4590,4590,4590,4590.0,0.0,0.0,13961.5904933235,0.0,0.0,4590.0,4590,0.9999999999999284,1.0,1,high_throughput
4012,4012,4012,4012.0,0.0,0.0,13782.80002574515,0.0,0.0,4012.0,4012,0.9999999999999274,1.0,1,high_throughput
3912,3912,3912,3912.0,0.0,0.0,14554.029379061274,0.0,0.0,3912.0,3912,0.9999999999999313,1.0,1,high_throughput
4201,4201,4201,4201.0,0.0,0.0,14931.161040314179,0.0,0.0,4201.0,4201,0.9999999999999329,1.0,1,high_throughput
6146,6146,6146,6146.0,0.0,0.0,14001.915937978369,0.0,0.0,6146.0,6146,0.9999999999999285,1.0,1,high_throughput
4820,4820,4820,4820.0,0.0,0.0,13940.50136577956,0.0,0.0,4820.0,4820,0.9999999999999283,1.0,1,high_throughput
6607,6607,6607,6607.0,0.0,0.0,14665.107227347684,0.0,0.0,6607.0,6607,0.9999999999999318,1.0,1,high_throughput
4699,4699,4699,4699.0,0.0,0.0,13543.386096753675,0.0,0.0,4699.0,4699,0.9999999999999262,1.0,1,high_throughput
4353,4353,4353,4353.0,0.0,0.0,14262.931877204312,0.0,0.0,4353.0,4353,0.9999999999999298,1.0,1,high_throughput
3582,3582,3582,3582.0,0.0,0.0,13820.338542739808,0.0,0.0,3582.0,3582,0.9999999999999276,1.0,1,high_throughput
5000,5000,5000,5000.0,0.0,0.0,13989.927113163962,0.0,0.0,5000.0,5000,0.9999999999999285,1.0,1,high_throughput
3999,3999,3999,3999.0,0.0,0.0,14071.94035692807,0.0,0.0,3999.0,3999,0.999999999999929,1.0,1,high_throughput
4062,4062,4062,4062.0,0.0,0.0,14045.869453073152,0.0,0.0,4062.0,4062,0.9999999999999287,1.0,1,high_throughput
3768,3768,3768,3768.0,0.0,0.0,13974.528212823228,0.0,0.0,3768.0,3768,0.9999999999999284,1.0,1,high_throughput
3482,3482,3482,3482.0,0.0,0.0,13630.21924286355,0.0,0.0,3482.0,3482,0.9999999999999266,1.0,1,high_throughput
13269,13269,13269,13269.0,0.0,0.0,0.0,0.0,0.0,13269.0,13269,0.0,0.0,1,rebalance_loop
13290,13290,13290,13290.0,0.0,0.0,9.502148492430516,0.0,0.0,13290.0,13290,0.9999999998947606,1.0,1,rebalance_loop
13310,13310,13310,13310.0,0.0,0.0,9.980024741243662,0.0,0.0,13310.0,13310,0.9999999998997998,1.0,1,rebalance_loop
13330,13330,13330,13330.0,0.0,0.0,9.980168410868552,0.0,0.0,13330.0,13330,0.9999999998998013,1.0,1,rebalance_loop
13350,13350,13350,13350.0,0.0,0.0,9.980188596188578,0.0,0.0,13350.0,13350,0.9999999998998015,1.0,1,rebalance_loop
13370,13370,13370,13370.0,0.0,0.0,9.984353267186828,0.0,0.0,13370.0,13370,0.9999999998998432,1.0,1,rebalance_loop
13390,13390,13390,13390.0,0.0,0.0,9.980097169215226,0.0,0.0,13390.0,13390,0.9999999998998006,1.0,1,rebalance_loop
13409,13409,13409,13409.0,0.0,0.0,9.480403162141855,0.0,0.0,13409.0,13409,0.9999999998945193,1.0,1,rebalance_loop
13429,13429,13429,13429.0,0.0,0.0,9.976316884227693,0.0,0.0,13429.0,13429,0.9999999998997626,1.0,1,rebalance_loop
13449,13449,13449,13449.0,0.0,0.0,9.979645995695549,0.0,0.0,13449.0,13449,0.999999999899796,1.0,1,rebalance_loop
13469,13469,13469,13469.0,0.0,0.0,9.979408552332838,0.0,0.0,13469.0,13469,0.9999999998997936,1.0,1,rebalance_loop
13489,13489,13489,13489.0,0.0,0.0,9.979226915788233,0.0,0.0,13489.0,13489,0.9999999998997918,1.0,1,rebalance_loop
13509,13509,13509,13509.0,0.0,0.0,9.981817939506096,0.0,0.0,13509.0,13509,0.9999999998998178,1.0,1,rebalance_loop
13529,13529,13529,13529.0,0.0,0.0,9.984456656042187,0.0,0.0,13529.0,13529,0.9999999998998443,1.0,1,rebalance_loop
13549,13549,13549,13549.0,0.0,0.0,9.98001524257127,0.0,0.0,13549.0,13549,0.9999999998997997,1.0,1,rebalance_loop
13569,13569,13569,13569.0,0.0,0.0,9.980509197512431,0.0,0.0,13569.0,13569,0.9999999998998047,1.0,1,rebalance_loop
13589,13589,13589,13589.0,0.0,0.0,9.980274087860973,0.0,0.0,13589.0,13589,0.9999999998998024,1.0,1,rebalance_loop
13609,13609,13609,13609.0,0.0,0.0,9.979580697644428,0.0,0.0,13609.0,13609,0.9999999998997954,1.0,1,rebalance_loop
13629,13629,13629,13629.0,0.0,0.0,9.979799152658922,0.0,0.0,13629.0,13629,0.9999999998997976,1.0,1,rebalance_loop
13649,13649,13649,13649.0,0.0,0.0,9.979402616393537,0.0,0.0,13649.0,13649,0.9999999998997936,1.0,1,rebalance_loop
13669,13669,13669,13669.0,0.0,0.0,9.981401052492677,0.0,0.0,13669.0,13669,0.9999999998998137,1.0,1,rebalance_loop
13689,13689,13689,13689.0,0.0,0.0,9.979898885301822,0.0,0.0,13689.0,13689,0.9999999998997986,1.0,1,rebalance_loop
13709,13709,13709,13709.0,0.0,0.0,9.979761159795471,0.0,0.0,13709.0,13709,0.9999999998997972,1.0,1,rebalance_loop
13729,13729,13729,13729.0,0.0,0.0,9.978729526678736,0.0,0.0,13729.0,13729,0.9999999998997868,1.0,1,rebalance_loop
13749,13749,13749,13749.0,0.0,0.0,9.971125295676877,0.0,0.0,13749.0,13749,0.9999999998997104,1.0,1,rebalance_loop
13769,13769,13769,13769.0,0.0,0.0,9.98037382999663,0.0,0.0,13769.0,13769,0.9999999998998034,1.0,1,rebalance_loop
13789,13789,13789,13789.0,0.0,0.0,9.979718418169861,0.0,0.0,13789.0,13789,0.9999999998997967,1.0,1,rebalance_loop
13809,13809,13809,13809.0,0.0,0.0,9.980094794510965,0.0,0.0,13809.0,13809,0.9999999998998006,1.0,1,rebalance_loop
13829,13829,13829,13829.0,0.0,0.0,9.980169598238058,0.0,0.0,13829.0,13829,0.9999999998998013,1.0,1,rebalance_loop
13849,13849,13849,13849.0,0.0,0.0,9.980052050027512,0.0,0.0,13849.0,13849,0.9999999998998002,1.0,1,rebalance_loop
13868,13868,13868,13868.0,0.0,0.0,9.480055806056823,0.0,0.0,13868.0,13868,0.9999999998945154,1.0,1,rebalance_loop
13888,13888,13888,13888.0,0.0,0.0,9.981455685275195,0.0,0.0,13888.0,13888,0.9999999998998143,1.0,1,rebalance_loop
13908,13908,13908,13908.0,0.0,0.0,9.979704171042682,0.0,0.0,13908.0,13908,0.9999999998997966,1.0,1,rebalance_loop
13928,13928,13928,13928.0,0.0,0.0,9.985072279994082,0.0,0.0,13928.0,13928,0.9999999998998504,1.0,1,rebalance_loop
13948,13948,13948,13948.0,0.0,0.0,9.984691962798411,0.0,0.0,13948.0,13948,0.9999999998998467,1.0,1,rebalance_loop
13968,13968,13968,13968.0,0.0,0.0,9.986023199750392,0.0,0.0,13968.0,13968,0.99999999989986,1.0,1,rebalance_loop
13988,13988,13988,13988.0,0.0,0.0,9.969552758678843,0.0,0.0,13988.0,13988,0.9999999998996946,1.0,1,rebalance_loop
14008,14008,14008,14008.0,0.0,0.0,9.979820523771737,0.0,0.0,14008.0,14008,0.9999999998997978,1.0,1,rebalance_loop
14028,14028,14028,14028.0,0.0,0.0,9.97810875017188,0.0,0.0,14028.0,14028,0.9999999998997806,1.0,1,rebalance_loop
14048,14048,14048,14048.0,0.0,0.0,9.978691541958915,0.0,0.0,14048.0,14048,0.9999999998997865,1.0,1,rebalance_loop
14068,14068,14068,14068.0,0.0,0.0,9.978381739885725,0.0,0.0,14068.0,14068,0.9999999998997834,1.0,1,rebalance_loop
14088,14088,14088,14088.0,0.0,0.0,9.980023553908625,0.0,0.0,14088.0,14088,0.9999999998997998,1.0,1,rebalance_loop
14108,14108,14108,14108.0,0.0,0.0,9.977897490124525,0.0,0.0,14108.0,14108,0.9999999998997785,1.0,1,rebalance_loop
14128,14128,14128,14128.0,0.0,0.0,9.986356064456137,0.0,0.0,14128.0,14128,0.9999999998998633,1.0,1,rebalance_loop
14148,14148,14148,14148.0,0.0,0.0,9.979954688959802,0.0,0.0,14148.0,14148,0.9999999998997992,1.0,1,rebalance_loop
